customer_id,customer_name,city,age,gender,customer_segment
CUST0001,Arjun Sharma,Hyderabad,33,Male,Regular
CUST0002,Arjun Agarwal,Ahmedabad,23,Female,Regular
CUST0003,Aarav Verma,Chennai,32,Male,VIP
CUST0004,Amit Chopra,Ahmedabad,44,Male,Premium
CUST0005,Nisha Patel,Delhi,28,Female,Premium
CUST0006,Neha Gupta,Chennai,39,Male,Regular
CUST0007,Pooja Verma,Pune,40,Female,Regular
CUST0008,Riya Joshi,Mumbai,42,Male,VIP
CUST0009,Priya Saxena,Lucknow,41,Male,VIP
CUST0010,Aditya Sharma,Chennai,36,Male,Regular
CUST0011,Arjun Yadav,Hyderabad,47,Female,Regular
CUST0012,Isha Kumar,Chennai,60,Female,VIP
CUST0013,Aditya Malhotra,Bangalore,52,Male,Regular
CUST0014,Riya Yadav,Hyderabad,58,Male,VIP
CUST0015,Ananya Saxena,Delhi,32,Male,Premium
CUST0016,Pooja Patel,Mumbai,31,Female,Regular
CUST0017,Simran Yadav,Jaipur,27,Female,Regular
CUST0018,Karan Chopra,Ahmedabad,52,Female,VIP
CUST0019,Nisha Yadav,Lucknow,43,Female,Regular
CUST0020,Rohan Joshi,Jaipur,23,Male,Regular
CUST0021,Rohan Agarwal,Bangalore,61,Female,VIP
CUST0022,Aditya Yadav,Kolkata,56,Female,VIP
CUST0023,Neha Joshi,Delhi,61,Male,VIP
CUST0024,Meera Mishra,Hyderabad,59,Female,Regular
CUST0025,Priya Yadav,Bangalore,47,Male,VIP
CUST0026,Neha Joshi,Bangalore,50,Male,VIP
CUST0027,Priya Saxena,Ahmedabad,56,Male,Regular
CUST0028,Isha Mishra,Bangalore,52,Male,VIP
CUST0029,Ananya Mehta,Delhi,25,Female,Premium
CUST0030,Karan Sharma,Chennai,54,Male,Regular
CUST0031,Simran Saxena,Mumbai,52,Male,Regular
CUST0032,Simran Joshi,Bangalore,34,Female,Regular
CUST0033,Meera Mishra,Chennai,63,Female,Premium
CUST0034,Isha Mehta,Ahmedabad,46,Male,Regular
CUST0035,Karan Verma,Pune,19,Male,VIP
CUST0036,Karan Sharma,Mumbai,63,Male,Regular
CUST0037,Aditya Kapoor,Delhi,39,Male,VIP
CUST0038,Karan Patel,Jaipur,31,Male,VIP
CUST0039,Nisha Malhotra,Jaipur,33,Female,Premium
CUST0040,Amit Verma,Mumbai,60,Female,Premium
CUST0041,Sneha Yadav,Jaipur,64,Male,VIP
CUST0042,Arjun Sharma,Kolkata,64,Female,Regular
CUST0043,Karan Singh,Chennai,52,Female,Regular
CUST0044,Sneha Gupta,Hyderabad,47,Male,Regular
CUST0045,Riya Mishra,Ahmedabad,24,Male,VIP
CUST0046,Meera Saxena,Delhi,23,Male,Regular
CUST0047,Sneha Mehta,Jaipur,31,Female,Regular
CUST0048,Rahul Yadav,Delhi,42,Female,Premium
CUST0049,Priya Yadav,Ahmedabad,60,Female,Regular
CUST0050,Amit Patel,Chennai,21,Male,VIP
CUST0051,Ananya Sharma,Delhi,55,Female,VIP
CUST0052,Kavya Gupta,Delhi,50,Male,Regular
CUST0053,Aditya Malhotra,Mumbai,61,Male,Premium
CUST0054,Arjun Kapoor,Lucknow,33,Male,VIP
CUST0055,Aditya Yadav,Lucknow,54,Female,Premium
CUST0056,Amit Agarwal,Pune,33,Female,Premium
CUST0057,Rohan Agarwal,Hyderabad,47,Female,Regular
CUST0058,Aarav Mehta,Lucknow,54,Male,Regular
CUST0059,Meera Singh,Ahmedabad,34,Male,Premium
CUST0060,Aditya Kapoor,Chennai,41,Female,Regular
CUST0061,Riya Saxena,Ahmedabad,63,Female,VIP
CUST0062,Kavya Sharma,Ahmedabad,37,Male,Regular
CUST0063,Neha Verma,Mumbai,65,Male,Premium
CUST0064,Priya Malhotra,Chennai,63,Female,Regular
CUST0065,Neha Joshi,Jaipur,34,Male,Regular
CUST0066,Sneha Saxena,Hyderabad,20,Male,Premium
CUST0067,Rohan Agarwal,Hyderabad,28,Female,VIP
CUST0068,Sneha Joshi,Delhi,25,Male,VIP
CUST0069,Rohan Joshi,Delhi,41,Male,Premium
CUST0070,Rohan Sharma,Hyderabad,41,Male,Premium
CUST0071,Amit Agarwal,Chennai,60,Male,Premium
CUST0072,Meera Kapoor,Kolkata,57,Male,Regular
CUST0073,Rahul Mishra,Bangalore,44,Male,Regular
CUST0074,Ananya Mishra,Kolkata,60,Male,Premium
CUST0075,Rahul Mishra,Mumbai,42,Male,Premium
CUST0076,Karan Singh,Jaipur,40,Female,Regular
CUST0077,Karan Sharma,Chennai,43,Female,Premium
CUST0078,Aditya Mishra,Hyderabad,40,Female,VIP
CUST0079,Meera Kumar,Delhi,25,Female,Regular
CUST0080,Nisha Patel,Delhi,24,Female,Premium
CUST0081,Ananya Yadav,Lucknow,50,Male,Premium
CUST0082,Nisha Singh,Hyderabad,20,Female,Regular
CUST0083,Kavya Kapoor,Ahmedabad,61,Male,Premium
CUST0084,Sneha Verma,Pune,57,Female,VIP
CUST0085,Arjun Chopra,Hyderabad,50,Female,VIP
CUST0086,Sneha Kumar,Kolkata,62,Female,VIP
CUST0087,Rohan Singh,Kolkata,60,Female,VIP
CUST0088,Rahul Malhotra,Lucknow,37,Female,VIP
CUST0089,Aarav Patel,Hyderabad,31,Female,VIP
CUST0090,Aditi Agarwal,Pune,47,Female,Premium
CUST0091,Amit Joshi,Jaipur,65,Male,VIP
CUST0092,Aditya Patel,Ahmedabad,60,Female,Regular
CUST0093,Karan Agarwal,Hyderabad,32,Male,Regular
CUST0094,Aarav Sharma,Chennai,48,Male,Premium
CUST0095,Sneha Kapoor,Lucknow,30,Female,Premium
CUST0096,Pooja Singh,Bangalore,59,Male,Regular
CUST0097,Sneha Singh,Bangalore,62,Female,Regular
CUST0098,Meera Singh,Mumbai,47,Male,Premium
CUST0099,Kavya Joshi,Lucknow,38,Female,VIP
CUST0100,Kavya Yadav,Ahmedabad,46,Male,VIP
CUST0101,Simran Mehta,Hyderabad,33,Female,VIP
CUST0102,Simran Agarwal,Chennai,35,Female,Regular
CUST0103,Priya Singh,Hyderabad,39,Female,VIP
CUST0104,Aditya Gupta,Bangalore,32,Female,VIP
CUST0105,Rohan Chopra,Chennai,22,Female,Premium
CUST0106,Ananya Joshi,Jaipur,44,Male,Regular
CUST0107,Sneha Yadav,Lucknow,62,Male,VIP
CUST0108,Pooja Mehta,Delhi,40,Female,Premium
CUST0109,Sneha Joshi,Ahmedabad,56,Male,Premium
CUST0110,Karan Patel,Kolkata,49,Male,Premium
CUST0111,Ananya Agarwal,Kolkata,64,Male,Premium
CUST0112,Rohan Malhotra,Ahmedabad,19,Female,VIP
CUST0113,Nisha Agarwal,Delhi,23,Female,Regular
CUST0114,Riya Gupta,Delhi,34,Female,Premium
CUST0115,Amit Mehta,Pune,39,Female,Premium
CUST0116,Sneha Patel,Mumbai,48,Male,VIP
CUST0117,Meera Sharma,Pune,32,Male,VIP
CUST0118,Vivaan Mishra,Delhi,33,Male,Regular
CUST0119,Aditi Gupta,Chennai,26,Female,VIP
CUST0120,Arjun Malhotra,Chennai,47,Female,Premium
CUST0121,Rahul Malhotra,Lucknow,65,Male,Regular
CUST0122,Priya Verma,Lucknow,19,Female,VIP
CUST0123,Pooja Yadav,Chennai,22,Male,Regular
CUST0124,Priya Saxena,Lucknow,25,Male,Premium
CUST0125,Meera Yadav,Pune,22,Female,Regular
CUST0126,Sneha Saxena,Jaipur,24,Female,Premium
CUST0127,Riya Chopra,Bangalore,45,Male,VIP
CUST0128,Kavya Agarwal,Hyderabad,57,Female,Premium
CUST0129,Sneha Saxena,Lucknow,35,Female,Regular
CUST0130,Aditya Patel,Jaipur,33,Female,VIP
CUST0131,Aditi Agarwal,Kolkata,39,Male,Premium
CUST0132,Ananya Gupta,Jaipur,31,Female,Premium
CUST0133,Ananya Patel,Lucknow,62,Female,VIP
CUST0134,Aarav Joshi,Chennai,23,Male,VIP
CUST0135,Sneha Mehta,Ahmedabad,33,Female,VIP
CUST0136,Simran Mehta,Delhi,23,Female,Regular
CUST0137,Pooja Chopra,Chennai,37,Female,Premium
CUST0138,Meera Joshi,Pune,45,Female,Premium
CUST0139,Riya Patel,Hyderabad,34,Male,Regular
CUST0140,Amit Kumar,Mumbai,65,Male,Regular
CUST0141,Amit Chopra,Jaipur,35,Female,Regular
CUST0142,Amit Patel,Chennai,41,Male,Premium
CUST0143,Aarav Chopra,Ahmedabad,26,Female,Regular
CUST0144,Vivaan Joshi,Hyderabad,62,Male,VIP
CUST0145,Simran Verma,Delhi,54,Female,Premium
CUST0146,Simran Mehta,Pune,29,Male,Premium
CUST0147,Simran Verma,Mumbai,43,Female,Regular
CUST0148,Nisha Agarwal,Delhi,27,Male,VIP
CUST0149,Priya Verma,Chennai,25,Female,VIP
CUST0150,Aditi Mishra,Lucknow,32,Female,Premium
CUST0151,Riya Patel,Lucknow,45,Female,VIP
CUST0152,Aditi Sharma,Lucknow,65,Male,Regular
CUST0153,Amit Patel,Mumbai,28,Male,Regular
CUST0154,Meera Verma,Bangalore,18,Female,Premium
CUST0155,Aditi Mehta,Hyderabad,20,Male,Premium
CUST0156,Priya Chopra,Jaipur,22,Male,Premium
CUST0157,Nisha Agarwal,Chennai,45,Male,VIP
CUST0158,Karan Agarwal,Bangalore,35,Male,Regular
CUST0159,Vivaan Gupta,Hyderabad,56,Female,Premium
CUST0160,Arjun Mehta,Hyderabad,62,Female,Premium
CUST0161,Kavya Joshi,Jaipur,46,Male,VIP
CUST0162,Vivaan Kapoor,Kolkata,65,Female,VIP
CUST0163,Neha Sharma,Mumbai,32,Male,VIP
CUST0164,Neha Malhotra,Delhi,29,Female,VIP
CUST0165,Riya Kapoor,Hyderabad,29,Female,VIP
CUST0166,Simran Verma,Jaipur,40,Female,Premium
CUST0167,Ananya Agarwal,Mumbai,28,Female,Premium
CUST0168,Simran Patel,Kolkata,53,Male,Premium
CUST0169,Aditya Kumar,Hyderabad,38,Male,Premium
CUST0170,Kavya Saxena,Delhi,60,Female,Premium
CUST0171,Vivaan Singh,Ahmedabad,41,Female,VIP
CUST0172,Riya Mishra,Delhi,31,Female,VIP
CUST0173,Rohan Kapoor,Hyderabad,46,Female,Regular
CUST0174,Aarav Agarwal,Lucknow,33,Male,Premium
CUST0175,Meera Sharma,Ahmedabad,44,Male,Regular
CUST0176,Arjun Mehta,Mumbai,59,Male,Premium
CUST0177,Priya Joshi,Hyderabad,44,Female,Premium
CUST0178,Karan Mehta,Ahmedabad,27,Female,Regular
CUST0179,Aditi Joshi,Bangalore,22,Female,Premium
CUST0180,Ananya Kapoor,Ahmedabad,35,Male,Premium
CUST0181,Priya Saxena,Lucknow,55,Female,Regular
CUST0182,Riya Joshi,Jaipur,40,Female,VIP
CUST0183,Meera Yadav,Jaipur,38,Male,VIP
CUST0184,Karan Malhotra,Kolkata,32,Female,Regular
CUST0185,Ananya Chopra,Jaipur,63,Female,Premium
CUST0186,Rohan Mehta,Delhi,26,Female,Regular
CUST0187,Riya Verma,Ahmedabad,47,Male,VIP
CUST0188,Rohan Yadav,Bangalore,22,Female,Premium
CUST0189,Ananya Malhotra,Kolkata,59,Male,Premium
CUST0190,Meera Yadav,Pune,58,Female,VIP
CUST0191,Vivaan Malhotra,Mumbai,33,Female,Regular
CUST0192,Aditya Yadav,Mumbai,58,Male,Premium
CUST0193,Rahul Chopra,Hyderabad,19,Male,Premium
CUST0194,Vivaan Patel,Pune,41,Female,Regular
CUST0195,Karan Joshi,Kolkata,54,Male,Regular
CUST0196,Rahul Verma,Lucknow,42,Male,Premium
CUST0197,Nisha Gupta,Chennai,47,Female,Premium
CUST0198,Neha Agarwal,Delhi,47,Female,VIP
CUST0199,Meera Gupta,Mumbai,46,Female,VIP
CUST0200,Priya Agarwal,Kolkata,62,Female,Premium
CUST0201,Priya Singh,Kolkata,48,Male,Regular
CUST0202,Pooja Malhotra,Pune,54,Female,VIP
CUST0203,Priya Sharma,Kolkata,35,Male,VIP
CUST0204,Vivaan Kapoor,Lucknow,65,Female,Premium
CUST0205,Karan Malhotra,Pune,32,Male,VIP
CUST0206,Neha Agarwal,Bangalore,58,Male,VIP
CUST0207,Vivaan Patel,Jaipur,20,Female,VIP
CUST0208,Rohan Verma,Hyderabad,38,Female,Regular
CUST0209,Amit Gupta,Ahmedabad,41,Female,Regular
CUST0210,Neha Kapoor,Jaipur,36,Female,Regular
CUST0211,Riya Verma,Bangalore,32,Female,VIP
CUST0212,Isha Verma,Kolkata,18,Female,VIP
CUST0213,Arjun Mehta,Pune,61,Female,VIP
CUST0214,Pooja Saxena,Pune,24,Male,Premium
CUST0215,Aarav Malhotra,Ahmedabad,38,Male,VIP
CUST0216,Aditya Agarwal,Jaipur,62,Female,VIP
CUST0217,Sneha Verma,Bangalore,20,Male,Premium
CUST0218,Simran Verma,Mumbai,33,Male,Premium
CUST0219,Riya Kumar,Ahmedabad,44,Male,Premium
CUST0220,Arjun Saxena,Jaipur,57,Female,Premium
CUST0221,Vivaan Chopra,Pune,31,Female,Premium
CUST0222,Karan Saxena,Pune,24,Female,VIP
CUST0223,Isha Sharma,Kolkata,35,Male,Regular
CUST0224,Riya Verma,Chennai,59,Male,Regular
CUST0225,Ananya Singh,Bangalore,54,Male,Regular
CUST0226,Meera Singh,Lucknow,31,Male,Premium
CUST0227,Rohan Mishra,Lucknow,18,Female,Regular
CUST0228,Rohan Joshi,Hyderabad,29,Male,VIP
CUST0229,Aarav Gupta,Delhi,40,Male,VIP
CUST0230,Ananya Sharma,Bangalore,34,Male,Regular
CUST0231,Sneha Joshi,Mumbai,65,Male,Premium
CUST0232,Riya Mishra,Pune,50,Male,Premium
CUST0233,Kavya Singh,Lucknow,20,Female,Premium
CUST0234,Aarav Sharma,Jaipur,43,Female,VIP
CUST0235,Arjun Mehta,Jaipur,22,Male,Premium
CUST0236,Aditi Gupta,Mumbai,26,Female,VIP
CUST0237,Nisha Joshi,Pune,42,Female,Premium
CUST0238,Kavya Malhotra,Kolkata,24,Male,VIP
CUST0239,Meera Chopra,Chennai,45,Female,Regular
CUST0240,Sneha Kumar,Jaipur,43,Female,VIP
CUST0241,Arjun Kumar,Kolkata,38,Female,Premium
CUST0242,Rohan Agarwal,Jaipur,22,Male,Regular
CUST0243,Aditya Yadav,Mumbai,65,Female,Regular
CUST0244,Meera Sharma,Lucknow,53,Female,VIP
CUST0245,Arjun Yadav,Pune,60,Female,VIP
CUST0246,Vivaan Patel,Lucknow,37,Female,Regular
CUST0247,Nisha Joshi,Chennai,27,Female,Regular
CUST0248,Arjun Kumar,Ahmedabad,41,Male,Premium
CUST0249,Nisha Singh,Kolkata,53,Male,VIP
CUST0250,Neha Sharma,Bangalore,35,Female,Premium
CUST0251,Isha Sharma,Bangalore,27,Female,Regular
CUST0252,Rohan Chopra,Delhi,23,Male,Premium
CUST0253,Sneha Mehta,Pune,28,Female,Premium
CUST0254,Ananya Mishra,Lucknow,56,Male,Regular
CUST0255,Rohan Gupta,Lucknow,21,Male,Premium
CUST0256,Riya Agarwal,Kolkata,49,Female,Premium
CUST0257,Neha Singh,Ahmedabad,25,Female,Premium
CUST0258,Arjun Patel,Lucknow,49,Female,Regular
CUST0259,Karan Yadav,Lucknow,21,Male,Regular
CUST0260,Priya Singh,Bangalore,34,Female,Premium
CUST0261,Arjun Sharma,Jaipur,65,Female,Regular
CUST0262,Rohan Yadav,Ahmedabad,63,Male,VIP
CUST0263,Meera Saxena,Pune,22,Female,VIP
CUST0264,Vivaan Yadav,Delhi,47,Male,Premium
CUST0265,Nisha Yadav,Lucknow,43,Female,Premium
CUST0266,Arjun Yadav,Delhi,38,Male,VIP
CUST0267,Riya Saxena,Pune,23,Female,Regular
CUST0268,Karan Yadav,Lucknow,43,Male,Premium
CUST0269,Priya Chopra,Pune,32,Female,Regular
CUST0270,Aditya Joshi,Mumbai,51,Male,Premium
CUST0271,Isha Chopra,Bangalore,33,Male,Regular
CUST0272,Neha Singh,Bangalore,56,Male,VIP
CUST0273,Aditya Gupta,Jaipur,47,Female,VIP
CUST0274,Nisha Agarwal,Lucknow,38,Female,Regular
CUST0275,Riya Verma,Jaipur,46,Female,Premium
CUST0276,Nisha Sharma,Pune,50,Male,Premium
CUST0277,Riya Mehta,Delhi,21,Female,Premium
CUST0278,Aditya Agarwal,Mumbai,57,Female,Premium
CUST0279,Nisha Joshi,Delhi,46,Male,Premium
CUST0280,Aditi Mehta,Ahmedabad,27,Male,Premium
CUST0281,Arjun Mishra,Pune,63,Male,VIP
CUST0282,Rahul Sharma,Chennai,63,Female,Premium
CUST0283,Kavya Joshi,Lucknow,28,Female,Premium
CUST0284,Priya Yadav,Kolkata,39,Male,VIP
CUST0285,Ananya Verma,Pune,24,Female,Premium
CUST0286,Neha Chopra,Lucknow,27,Female,Regular
CUST0287,Nisha Agarwal,Bangalore,40,Female,VIP
CUST0288,Pooja Gupta,Lucknow,63,Male,Premium
CUST0289,Meera Yadav,Pune,26,Male,VIP
CUST0290,Sneha Joshi,Pune,19,Female,Premium
CUST0291,Rahul Singh,Pune,49,Male,Regular
CUST0292,Rohan Gupta,Mumbai,36,Male,VIP
CUST0293,Meera Saxena,Ahmedabad,20,Female,VIP
CUST0294,Rohan Malhotra,Kolkata,27,Male,Regular
CUST0295,Aditi Mishra,Bangalore,64,Female,Regular
CUST0296,Sneha Kumar,Chennai,46,Female,VIP
CUST0297,Riya Singh,Ahmedabad,33,Female,Premium
CUST0298,Amit Kumar,Lucknow,46,Female,Premium
CUST0299,Pooja Joshi,Ahmedabad,44,Male,Regular
CUST0300,Aditi Gupta,Hyderabad,21,Female,Premium
CUST0301,Meera Kapoor,Mumbai,63,Male,Premium
CUST0302,Aditya Mishra,Bangalore,35,Female,VIP
CUST0303,Rohan Saxena,Kolkata,23,Male,Premium
CUST0304,Isha Kapoor,Delhi,44,Male,Premium
CUST0305,Kavya Kumar,Chennai,42,Male,Premium
CUST0306,Karan Sharma,Pune,24,Female,Regular
CUST0307,Rohan Sharma,Hyderabad,48,Male,VIP
CUST0308,Simran Mehta,Lucknow,18,Male,Regular
CUST0309,Neha Singh,Bangalore,53,Female,Regular
CUST0310,Priya Singh,Hyderabad,25,Male,Regular
CUST0311,Sneha Agarwal,Lucknow,47,Male,Regular
CUST0312,Simran Malhotra,Ahmedabad,19,Male,VIP
CUST0313,Rohan Patel,Kolkata,18,Female,Regular
CUST0314,Nisha Yadav,Bangalore,60,Male,VIP
CUST0315,Isha Verma,Ahmedabad,52,Male,Premium
CUST0316,Simran Sharma,Kolkata,41,Female,VIP
CUST0317,Aarav Kumar,Mumbai,40,Male,VIP
CUST0318,Arjun Mishra,Lucknow,65,Female,Regular
CUST0319,Vivaan Kumar,Ahmedabad,39,Male,VIP
CUST0320,Riya Chopra,Jaipur,58,Male,Regular
CUST0321,Aditya Chopra,Jaipur,20,Female,Regular
CUST0322,Vivaan Mishra,Chennai,20,Female,Premium
CUST0323,Kavya Yadav,Ahmedabad,48,Female,Regular
CUST0324,Amit Patel,Pune,21,Female,Premium
CUST0325,Arjun Mishra,Pune,45,Female,VIP
CUST0326,Riya Kapoor,Kolkata,39,Male,Premium
CUST0327,Simran Kumar,Ahmedabad,35,Male,VIP
CUST0328,Sneha Verma,Kolkata,56,Male,VIP
CUST0329,Priya Kumar,Mumbai,23,Female,VIP
CUST0330,Priya Patel,Jaipur,56,Female,Regular
CUST0331,Riya Kumar,Jaipur,20,Female,VIP
CUST0332,Sneha Patel,Delhi,22,Female,Premium
CUST0333,Kavya Mishra,Bangalore,19,Male,VIP
CUST0334,Riya Sharma,Bangalore,22,Male,VIP
CUST0335,Isha Kumar,Kolkata,54,Male,VIP
CUST0336,Rohan Agarwal,Jaipur,41,Female,Premium
CUST0337,Aditya Malhotra,Bangalore,51,Female,Premium
CUST0338,Ananya Agarwal,Hyderabad,33,Male,Regular
CUST0339,Rahul Mehta,Ahmedabad,42,Male,Premium
CUST0340,Neha Chopra,Jaipur,31,Female,VIP
CUST0341,Simran Singh,Mumbai,26,Male,Premium
CUST0342,Rahul Kapoor,Jaipur,23,Female,VIP
CUST0343,Isha Chopra,Mumbai,53,Female,Premium
CUST0344,Rahul Chopra,Bangalore,41,Male,Regular
CUST0345,Amit Mishra,Bangalore,33,Female,Regular
CUST0346,Isha Joshi,Lucknow,41,Female,VIP
CUST0347,Rohan Malhotra,Mumbai,22,Female,Premium
CUST0348,Simran Joshi,Kolkata,44,Male,Regular
CUST0349,Ananya Agarwal,Mumbai,46,Female,VIP
CUST0350,Kavya Kumar,Bangalore,53,Male,Regular
CUST0351,Sneha Joshi,Delhi,25,Male,Premium
CUST0352,Rahul Gupta,Pune,63,Male,Premium
CUST0353,Kavya Kapoor,Hyderabad,23,Female,Regular
CUST0354,Meera Patel,Bangalore,58,Female,VIP
CUST0355,Meera Verma,Ahmedabad,59,Male,VIP
CUST0356,Nisha Gupta,Bangalore,60,Female,VIP
CUST0357,Vivaan Saxena,Delhi,23,Male,VIP
CUST0358,Nisha Patel,Chennai,54,Female,VIP
CUST0359,Aarav Mehta,Ahmedabad,36,Female,Premium
CUST0360,Karan Mishra,Kolkata,37,Female,Regular
CUST0361,Vivaan Gupta,Jaipur,44,Female,Premium
CUST0362,Amit Kumar,Lucknow,27,Female,VIP
CUST0363,Ananya Chopra,Pune,43,Male,Premium
CUST0364,Kavya Joshi,Mumbai,38,Male,Premium
CUST0365,Arjun Patel,Jaipur,33,Male,Regular
CUST0366,Vivaan Patel,Kolkata,57,Female,Regular
CUST0367,Rahul Saxena,Pune,54,Female,Regular
CUST0368,Rahul Mehta,Ahmedabad,47,Female,Premium
CUST0369,Simran Sharma,Mumbai,43,Female,Regular
CUST0370,Amit Malhotra,Pune,21,Male,Premium
CUST0371,Simran Malhotra,Jaipur,36,Male,Regular
CUST0372,Sneha Gupta,Hyderabad,64,Female,Premium
CUST0373,Isha Sharma,Kolkata,21,Male,Premium
CUST0374,Meera Patel,Mumbai,42,Female,VIP
CUST0375,Neha Saxena,Lucknow,61,Male,Regular
CUST0376,Arjun Yadav,Pune,39,Female,Regular
CUST0377,Amit Malhotra,Ahmedabad,43,Male,Regular
CUST0378,Vivaan Gupta,Pune,48,Female,Regular
CUST0379,Aditi Kapoor,Ahmedabad,26,Female,VIP
CUST0380,Ananya Gupta,Kolkata,57,Female,VIP
CUST0381,Ananya Joshi,Ahmedabad,52,Female,VIP
CUST0382,Nisha Patel,Jaipur,19,Female,Premium
CUST0383,Arjun Yadav,Lucknow,37,Male,VIP
CUST0384,Simran Patel,Lucknow,54,Male,VIP
CUST0385,Vivaan Malhotra,Jaipur,28,Female,Regular
CUST0386,Karan Sharma,Lucknow,62,Male,Regular
CUST0387,Aarav Mehta,Pune,44,Male,Premium
CUST0388,Amit Yadav,Ahmedabad,57,Female,VIP
CUST0389,Vivaan Chopra,Bangalore,51,Male,VIP
CUST0390,Ananya Agarwal,Jaipur,51,Female,Premium
CUST0391,Rahul Mehta,Ahmedabad,39,Female,VIP
CUST0392,Neha Malhotra,Jaipur,30,Male,Premium
CUST0393,Meera Patel,Chennai,37,Female,VIP
CUST0394,Amit Chopra,Jaipur,38,Female,Premium
CUST0395,Meera Kapoor,Hyderabad,36,Male,VIP
CUST0396,Meera Yadav,Kolkata,40,Male,Premium
CUST0397,Vivaan Patel,Mumbai,40,Female,VIP
CUST0398,Neha Chopra,Jaipur,31,Male,VIP
CUST0399,Neha Kapoor,Ahmedabad,62,Female,Regular
CUST0400,Arjun Malhotra,Lucknow,33,Male,Regular
CUST0401,Kavya Singh,Chennai,21,Male,Premium
CUST0402,Ananya Chopra,Jaipur,24,Male,Regular
CUST0403,Meera Kapoor,Bangalore,44,Female,Premium
CUST0404,Amit Mishra,Hyderabad,38,Female,VIP
CUST0405,Vivaan Kapoor,Mumbai,59,Male,VIP
CUST0406,Vivaan Kapoor,Bangalore,44,Male,Regular
CUST0407,Pooja Mishra,Jaipur,29,Female,Regular
CUST0408,Aarav Patel,Lucknow,56,Male,Premium
CUST0409,Priya Mehta,Ahmedabad,51,Female,Regular
CUST0410,Kavya Mehta,Hyderabad,30,Male,Premium
CUST0411,Rahul Chopra,Jaipur,59,Female,VIP
CUST0412,Rahul Sharma,Pune,36,Male,Regular
CUST0413,Aditi Saxena,Kolkata,45,Female,Regular
CUST0414,Pooja Agarwal,Mumbai,29,Male,Premium
CUST0415,Ananya Kapoor,Chennai,18,Female,Premium
CUST0416,Karan Mehta,Hyderabad,39,Female,VIP
CUST0417,Nisha Sharma,Hyderabad,59,Female,VIP
CUST0418,Karan Sharma,Mumbai,47,Female,Regular
CUST0419,Pooja Agarwal,Ahmedabad,63,Female,VIP
CUST0420,Arjun Agarwal,Hyderabad,41,Male,Regular
CUST0421,Rohan Mehta,Bangalore,47,Female,Premium
CUST0422,Meera Kapoor,Jaipur,52,Male,Regular
CUST0423,Aditi Saxena,Mumbai,51,Female,VIP
CUST0424,Isha Verma,Lucknow,25,Male,VIP
CUST0425,Kavya Singh,Lucknow,52,Male,Regular
CUST0426,Ananya Saxena,Ahmedabad,46,Male,VIP
CUST0427,Amit Chopra,Lucknow,49,Male,VIP
CUST0428,Riya Mishra,Delhi,47,Male,VIP
CUST0429,Sneha Mehta,Lucknow,21,Female,VIP
CUST0430,Priya Chopra,Delhi,43,Female,Regular
CUST0431,Amit Malhotra,Mumbai,20,Female,Premium
CUST0432,Aditya Joshi,Delhi,22,Female,Regular
CUST0433,Priya Yadav,Bangalore,26,Female,Premium
CUST0434,Pooja Mehta,Kolkata,42,Male,VIP
CUST0435,Meera Gupta,Pune,25,Male,VIP
CUST0436,Pooja Joshi,Bangalore,64,Male,Regular
CUST0437,Aarav Patel,Jaipur,61,Female,VIP
CUST0438,Pooja Saxena,Chennai,33,Female,Premium
CUST0439,Rohan Patel,Chennai,64,Male,Regular
CUST0440,Sneha Malhotra,Delhi,33,Male,Regular
CUST0441,Arjun Malhotra,Delhi,46,Male,Regular
CUST0442,Vivaan Yadav,Jaipur,32,Male,Regular
CUST0443,Rohan Joshi,Hyderabad,32,Female,VIP
CUST0444,Aditi Mishra,Pune,33,Female,Regular
CUST0445,Kavya Singh,Kolkata,37,Female,Regular
CUST0446,Meera Malhotra,Bangalore,58,Female,VIP
CUST0447,Simran Sharma,Pune,59,Female,VIP
CUST0448,Ananya Chopra,Kolkata,44,Male,Premium
CUST0449,Pooja Gupta,Ahmedabad,48,Male,Regular
CUST0450,Priya Saxena,Bangalore,47,Male,VIP
CUST0451,Sneha Yadav,Ahmedabad,51,Male,Premium
CUST0452,Karan Patel,Chennai,39,Male,Premium
CUST0453,Isha Verma,Ahmedabad,64,Male,Regular
CUST0454,Neha Yadav,Lucknow,56,Male,Regular
CUST0455,Amit Mishra,Lucknow,64,Male,Premium
CUST0456,Amit Saxena,Pune,37,Male,Regular
CUST0457,Amit Chopra,Mumbai,65,Female,Regular
CUST0458,Aditi Chopra,Chennai,43,Male,VIP
CUST0459,Ananya Mishra,Hyderabad,42,Female,VIP
CUST0460,Isha Patel,Hyderabad,41,Female,Premium
CUST0461,Arjun Mishra,Jaipur,38,Male,Premium
CUST0462,Ananya Yadav,Delhi,54,Male,VIP
CUST0463,Rohan Sharma,Hyderabad,53,Female,Premium
CUST0464,Rohan Singh,Pune,32,Female,VIP
CUST0465,Karan Mehta,Ahmedabad,59,Female,Premium
CUST0466,Simran Chopra,Jaipur,47,Male,VIP
CUST0467,Isha Gupta,Bangalore,64,Female,Regular
CUST0468,Meera Agarwal,Delhi,51,Male,Regular
CUST0469,Vivaan Mishra,Delhi,44,Male,VIP
CUST0470,Karan Verma,Bangalore,18,Male,VIP
CUST0471,Riya Kumar,Delhi,57,Female,VIP
CUST0472,Simran Sharma,Delhi,52,Female,Regular
CUST0473,Aarav Joshi,Hyderabad,52,Female,Regular
CUST0474,Kavya Saxena,Kolkata,29,Male,Regular
CUST0475,Kavya Gupta,Chennai,30,Female,Premium
CUST0476,Neha Mishra,Kolkata,23,Female,Premium
CUST0477,Riya Malhotra,Chennai,62,Male,Premium
CUST0478,Aditya Agarwal,Delhi,23,Female,Premium
CUST0479,Pooja Joshi,Jaipur,21,Male,VIP
CUST0480,Rahul Verma,Jaipur,45,Female,VIP
CUST0481,Arjun Kapoor,Ahmedabad,20,Male,Regular
CUST0482,Nisha Mehta,Hyderabad,20,Male,VIP
CUST0483,Neha Kapoor,Ahmedabad,54,Male,Regular
CUST0484,Ananya Sharma,Chennai,55,Male,VIP
CUST0485,Pooja Kapoor,Mumbai,37,Male,VIP
CUST0486,Karan Malhotra,Kolkata,61,Female,Premium
CUST0487,Rohan Mishra,Mumbai,50,Female,Regular
CUST0488,Arjun Yadav,Chennai,22,Female,VIP
CUST0489,Aditi Malhotra,Kolkata,38,Male,VIP
CUST0490,Neha Mishra,Jaipur,49,Male,Premium
CUST0491,Meera Yadav,Kolkata,29,Female,Regular
CUST0492,Aditi Patel,Chennai,63,Male,Regular
CUST0493,Neha Gupta,Kolkata,63,Male,VIP
CUST0494,Pooja Kumar,Pune,24,Male,Regular
CUST0495,Priya Mehta,Pune,35,Male,Regular
CUST0496,Aditya Gupta,Kolkata,46,Female,Regular
CUST0497,Aarav Verma,Pune,53,Male,VIP
CUST0498,Aditi Mishra,Pune,42,Male,Premium
CUST0499,Sneha Yadav,Mumbai,64,Male,VIP
CUST0500,Kavya Gupta,Kolkata,28,Male,Premium
CUST0501,Priya Patel,Jaipur,27,Male,Regular
CUST0502,Sneha Patel,Kolkata,37,Female,Regular
CUST0503,Isha Patel,Chennai,64,Female,VIP
CUST0504,Aditi Singh,Jaipur,24,Male,Premium
CUST0505,Aarav Yadav,Pune,57,Female,Premium
CUST0506,Riya Kumar,Kolkata,59,Male,Premium
CUST0507,Ananya Malhotra,Chennai,48,Female,Regular
CUST0508,Pooja Kumar,Hyderabad,65,Female,VIP
CUST0509,Karan Kumar,Kolkata,35,Female,Premium
CUST0510,Arjun Kapoor,Lucknow,30,Male,VIP
CUST0511,Meera Sharma,Jaipur,63,Male,Premium
CUST0512,Priya Saxena,Mumbai,44,Female,Regular
CUST0513,Priya Singh,Hyderabad,60,Male,VIP
CUST0514,Sneha Mishra,Kolkata,22,Female,VIP
CUST0515,Simran Malhotra,Kolkata,52,Female,VIP
CUST0516,Vivaan Mishra,Pune,62,Male,Regular
CUST0517,Karan Agarwal,Pune,28,Male,VIP
CUST0518,Pooja Mishra,Pune,45,Male,Regular
CUST0519,Arjun Patel,Chennai,50,Male,Premium
CUST0520,Isha Yadav,Jaipur,61,Male,Premium
CUST0521,Aarav Mehta,Mumbai,36,Female,Regular
CUST0522,Arjun Saxena,Bangalore,40,Female,Premium
CUST0523,Riya Mishra,Chennai,51,Female,Premium
CUST0524,Simran Verma,Jaipur,64,Female,Premium
CUST0525,Aditya Patel,Delhi,63,Male,Regular
CUST0526,Ananya Agarwal,Mumbai,61,Male,VIP
CUST0527,Karan Joshi,Bangalore,53,Male,Premium
CUST0528,Meera Yadav,Jaipur,32,Female,VIP
CUST0529,Rahul Gupta,Kolkata,43,Male,VIP
CUST0530,Aditi Kapoor,Chennai,46,Female,Premium
CUST0531,Aarav Chopra,Chennai,31,Female,VIP
CUST0532,Aditya Malhotra,Mumbai,52,Male,Premium
CUST0533,Ananya Singh,Jaipur,25,Female,VIP
CUST0534,Simran Joshi,Pune,56,Female,VIP
CUST0535,Pooja Malhotra,Mumbai,40,Female,Premium
CUST0536,Aditi Gupta,Hyderabad,57,Male,VIP
CUST0537,Rohan Kumar,Mumbai,33,Female,Regular
CUST0538,Rahul Kumar,Bangalore,50,Female,Premium
CUST0539,Aditi Gupta,Lucknow,42,Female,Regular
CUST0540,Simran Agarwal,Ahmedabad,62,Male,VIP
CUST0541,Rahul Mehta,Hyderabad,26,Male,Premium
CUST0542,Riya Malhotra,Delhi,40,Male,Premium
CUST0543,Rohan Singh,Kolkata,53,Female,Premium
CUST0544,Simran Yadav,Jaipur,49,Male,Regular
CUST0545,Nisha Sharma,Chennai,36,Male,Premium
CUST0546,Karan Joshi,Hyderabad,28,Female,VIP
CUST0547,Simran Joshi,Ahmedabad,25,Male,Premium
CUST0548,Meera Saxena,Pune,52,Male,VIP
CUST0549,Riya Joshi,Chennai,45,Male,VIP
CUST0550,Karan Patel,Delhi,46,Female,Premium
CUST0551,Aditya Mehta,Mumbai,33,Male,VIP
CUST0552,Nisha Chopra,Pune,63,Female,Regular
CUST0553,Aditi Gupta,Chennai,31,Male,VIP
CUST0554,Isha Joshi,Hyderabad,56,Male,Premium
CUST0555,Priya Patel,Lucknow,35,Male,Regular
CUST0556,Sneha Kapoor,Delhi,35,Male,VIP
CUST0557,Rohan Singh,Bangalore,63,Female,Regular
CUST0558,Pooja Mehta,Bangalore,54,Female,VIP
CUST0559,Sneha Yadav,Jaipur,22,Male,Premium
CUST0560,Kavya Chopra,Hyderabad,62,Female,Premium
CUST0561,Simran Kumar,Lucknow,18,Male,VIP
CUST0562,Riya Agarwal,Pune,22,Female,Regular
CUST0563,Sneha Saxena,Chennai,49,Female,Premium
CUST0564,Priya Kumar,Ahmedabad,54,Male,VIP
CUST0565,Simran Mishra,Pune,61,Male,Regular
CUST0566,Arjun Agarwal,Jaipur,19,Male,Regular
CUST0567,Riya Mehta,Delhi,45,Male,VIP
CUST0568,Rohan Kapoor,Hyderabad,28,Female,Regular
CUST0569,Isha Patel,Mumbai,41,Male,Regular
CUST0570,Pooja Agarwal,Hyderabad,64,Male,Premium
CUST0571,Aditya Chopra,Mumbai,18,Male,Premium
CUST0572,Aditya Gupta,Lucknow,32,Female,Regular
CUST0573,Aarav Chopra,Pune,25,Female,VIP
CUST0574,Rohan Mehta,Mumbai,32,Female,Regular
CUST0575,Arjun Verma,Pune,41,Female,Regular
CUST0576,Pooja Mishra,Bangalore,59,Male,Regular
CUST0577,Kavya Malhotra,Delhi,57,Male,Premium
CUST0578,Isha Chopra,Chennai,58,Male,Premium
CUST0579,Aditi Agarwal,Jaipur,31,Male,Regular
CUST0580,Rohan Mishra,Mumbai,55,Female,Premium
CUST0581,Sneha Kumar,Bangalore,33,Female,VIP
CUST0582,Aditya Singh,Ahmedabad,56,Female,VIP
CUST0583,Aarav Saxena,Hyderabad,31,Male,VIP
CUST0584,Pooja Patel,Delhi,33,Female,Premium
CUST0585,Arjun Singh,Jaipur,58,Male,VIP
CUST0586,Aarav Kumar,Pune,26,Female,VIP
CUST0587,Sneha Kumar,Ahmedabad,61,Male,Premium
CUST0588,Aditya Sharma,Lucknow,22,Male,Premium
CUST0589,Amit Sharma,Delhi,43,Female,VIP
CUST0590,Kavya Mishra,Kolkata,45,Female,Regular
CUST0591,Meera Joshi,Lucknow,27,Female,Regular
CUST0592,Priya Verma,Ahmedabad,31,Male,VIP
CUST0593,Ananya Yadav,Lucknow,58,Male,Premium
CUST0594,Sneha Chopra,Chennai,21,Male,Regular
CUST0595,Sneha Verma,Jaipur,57,Male,Premium
CUST0596,Rahul Verma,Delhi,63,Male,VIP
CUST0597,Aarav Gupta,Jaipur,40,Female,Regular
CUST0598,Isha Gupta,Hyderabad,64,Male,Regular
CUST0599,Ananya Mishra,Kolkata,35,Male,Premium
CUST0600,Nisha Agarwal,Mumbai,49,Female,VIP
CUST0601,Isha Sharma,Jaipur,54,Male,Premium
CUST0602,Rahul Patel,Mumbai,54,Male,Regular
CUST0603,Kavya Sharma,Delhi,18,Male,Regular
CUST0604,Simran Kumar,Kolkata,27,Male,Regular
CUST0605,Meera Mishra,Kolkata,32,Female,Regular
CUST0606,Sneha Kapoor,Pune,35,Male,VIP
CUST0607,Isha Verma,Ahmedabad,61,Male,Regular
CUST0608,Karan Mishra,Ahmedabad,20,Female,Regular
CUST0609,Riya Saxena,Hyderabad,37,Female,Regular
CUST0610,Meera Mehta,Delhi,41,Male,Premium
CUST0611,Nisha Mishra,Hyderabad,65,Male,Premium
CUST0612,Isha Malhotra,Jaipur,30,Male,Regular
CUST0613,Aarav Kapoor,Kolkata,19,Male,VIP
CUST0614,Isha Agarwal,Delhi,39,Male,VIP
CUST0615,Pooja Saxena,Hyderabad,24,Male,VIP
CUST0616,Karan Yadav,Jaipur,21,Male,VIP
CUST0617,Neha Verma,Delhi,32,Female,VIP
CUST0618,Isha Mehta,Mumbai,55,Male,VIP
CUST0619,Rohan Agarwal,Kolkata,22,Male,Premium
CUST0620,Rohan Singh,Hyderabad,34,Female,Premium
CUST0621,Ananya Kumar,Jaipur,35,Male,Regular
CUST0622,Amit Gupta,Lucknow,24,Male,Regular
CUST0623,Rahul Mehta,Jaipur,38,Female,Regular
CUST0624,Meera Kumar,Chennai,46,Female,Premium
CUST0625,Neha Saxena,Mumbai,23,Male,VIP
CUST0626,Priya Saxena,Lucknow,20,Male,Premium
CUST0627,Rohan Verma,Chennai,40,Female,VIP
CUST0628,Vivaan Agarwal,Hyderabad,34,Male,Regular
CUST0629,Pooja Saxena,Jaipur,53,Male,Regular
CUST0630,Riya Verma,Bangalore,25,Male,Regular
CUST0631,Karan Gupta,Chennai,43,Female,VIP
CUST0632,Aditya Malhotra,Lucknow,34,Male,Regular
CUST0633,Aditya Singh,Jaipur,26,Male,Premium
CUST0634,Arjun Sharma,Jaipur,21,Male,VIP
CUST0635,Sneha Saxena,Kolkata,49,Male,Premium
CUST0636,Sneha Gupta,Pune,31,Male,Premium
CUST0637,Neha Mehta,Bangalore,20,Male,VIP
CUST0638,Priya Mehta,Kolkata,53,Female,Regular
CUST0639,Aditya Patel,Kolkata,26,Female,Regular
CUST0640,Kavya Singh,Ahmedabad,19,Female,VIP
CUST0641,Isha Mehta,Ahmedabad,49,Female,VIP
CUST0642,Kavya Kumar,Kolkata,35,Male,Regular
CUST0643,Ananya Malhotra,Chennai,19,Female,Regular
CUST0644,Simran Joshi,Pune,55,Male,Regular
CUST0645,Arjun Singh,Chennai,35,Male,Regular
CUST0646,Nisha Saxena,Kolkata,40,Male,Regular
CUST0647,Karan Malhotra,Pune,65,Female,VIP
CUST0648,Aarav Chopra,Pune,54,Male,VIP
CUST0649,Amit Saxena,Jaipur,52,Female,Regular
CUST0650,Simran Sharma,Mumbai,21,Male,VIP
CUST0651,Karan Sharma,Ahmedabad,48,Male,Premium
CUST0652,Aditi Singh,Bangalore,39,Male,Premium
CUST0653,Vivaan Sharma,Bangalore,55,Male,Regular
CUST0654,Kavya Saxena,Pune,22,Female,VIP
CUST0655,Pooja Malhotra,Mumbai,39,Female,Premium
CUST0656,Rohan Gupta,Kolkata,58,Female,VIP
CUST0657,Ananya Gupta,Ahmedabad,62,Female,Regular
CUST0658,Nisha Saxena,Bangalore,42,Female,VIP
CUST0659,Priya Gupta,Bangalore,64,Male,VIP
CUST0660,Nisha Yadav,Lucknow,20,Male,VIP
CUST0661,Ananya Kapoor,Lucknow,32,Male,Premium
CUST0662,Rohan Kumar,Mumbai,33,Female,Premium
CUST0663,Rahul Agarwal,Mumbai,63,Female,Premium
CUST0664,Aarav Patel,Chennai,33,Male,Premium
CUST0665,Neha Mishra,Mumbai,64,Male,Regular
CUST0666,Pooja Mehta,Kolkata,28,Female,Premium
CUST0667,Pooja Kumar,Ahmedabad,42,Male,Premium
CUST0668,Nisha Agarwal,Chennai,28,Female,Regular
CUST0669,Vivaan Patel,Delhi,38,Female,Regular
CUST0670,Aditya Kumar,Bangalore,42,Male,VIP
CUST0671,Aditya Joshi,Mumbai,39,Female,VIP
CUST0672,Aarav Yadav,Bangalore,56,Female,Regular
CUST0673,Vivaan Verma,Pune,31,Male,Premium
CUST0674,Meera Chopra,Ahmedabad,34,Female,Premium
CUST0675,Karan Verma,Delhi,43,Female,Regular
CUST0676,Vivaan Kumar,Delhi,45,Male,Premium
CUST0677,Aditi Mehta,Chennai,24,Male,Regular
CUST0678,Rahul Agarwal,Hyderabad,23,Female,Regular
CUST0679,Priya Mishra,Kolkata,48,Female,VIP
CUST0680,Neha Verma,Ahmedabad,42,Male,Premium
CUST0681,Pooja Kumar,Bangalore,46,Male,Premium
CUST0682,Riya Mehta,Hyderabad,32,Female,VIP
CUST0683,Vivaan Gupta,Mumbai,23,Female,VIP
CUST0684,Sneha Mishra,Lucknow,32,Male,Premium
CUST0685,Kavya Yadav,Ahmedabad,61,Female,VIP
CUST0686,Karan Mehta,Hyderabad,23,Female,VIP
CUST0687,Vivaan Joshi,Lucknow,51,Male,Regular
CUST0688,Riya Gupta,Bangalore,31,Male,Regular
CUST0689,Vivaan Yadav,Mumbai,61,Female,Regular
CUST0690,Rohan Saxena,Lucknow,34,Female,VIP
CUST0691,Aditya Verma,Kolkata,53,Female,VIP
CUST0692,Ananya Saxena,Hyderabad,51,Female,Regular
CUST0693,Aditi Malhotra,Ahmedabad,44,Male,Premium
CUST0694,Rohan Gupta,Lucknow,55,Male,Regular
CUST0695,Nisha Mishra,Mumbai,36,Female,Premium
CUST0696,Neha Yadav,Jaipur,54,Female,Regular
CUST0697,Rahul Patel,Kolkata,27,Female,Regular
CUST0698,Pooja Kapoor,Pune,62,Male,Regular
CUST0699,Simran Kapoor,Hyderabad,41,Male,Premium
CUST0700,Priya Patel,Hyderabad,49,Male,Regular
CUST0701,Rohan Patel,Jaipur,38,Female,VIP
CUST0702,Sneha Malhotra,Mumbai,30,Female,Regular
CUST0703,Sneha Chopra,Jaipur,51,Female,Regular
CUST0704,Kavya Mishra,Bangalore,22,Female,VIP
CUST0705,Kavya Yadav,Bangalore,51,Male,Regular
CUST0706,Amit Kapoor,Chennai,21,Male,Regular
CUST0707,Riya Sharma,Pune,63,Male,Premium
CUST0708,Isha Saxena,Jaipur,50,Female,VIP
CUST0709,Arjun Agarwal,Delhi,33,Female,Premium
CUST0710,Aditi Mehta,Bangalore,48,Female,Premium
CUST0711,Rahul Saxena,Hyderabad,65,Male,Premium
CUST0712,Aarav Yadav,Delhi,28,Male,Regular
CUST0713,Karan Agarwal,Chennai,35,Female,VIP
CUST0714,Aarav Saxena,Delhi,48,Male,VIP
CUST0715,Rahul Malhotra,Delhi,32,Female,VIP
CUST0716,Priya Chopra,Hyderabad,45,Female,Premium
CUST0717,Riya Patel,Chennai,47,Female,VIP
CUST0718,Kavya Saxena,Lucknow,43,Male,Regular
CUST0719,Kavya Agarwal,Pune,53,Female,Premium
CUST0720,Arjun Mehta,Mumbai,39,Female,VIP
CUST0721,Ananya Saxena,Hyderabad,34,Female,Regular
CUST0722,Rohan Joshi,Chennai,21,Female,VIP
CUST0723,Ananya Agarwal,Bangalore,64,Male,VIP
CUST0724,Simran Patel,Hyderabad,44,Female,Premium
CUST0725,Vivaan Malhotra,Lucknow,30,Female,VIP
CUST0726,Karan Agarwal,Ahmedabad,58,Female,VIP
CUST0727,Isha Joshi,Hyderabad,28,Male,Premium
CUST0728,Arjun Mehta,Bangalore,65,Female,VIP
CUST0729,Meera Mishra,Bangalore,61,Female,VIP
CUST0730,Aditya Singh,Pune,32,Female,Premium
CUST0731,Ananya Kumar,Hyderabad,55,Female,Premium
CUST0732,Arjun Mehta,Delhi,58,Male,Premium
CUST0733,Amit Joshi,Mumbai,61,Female,VIP
CUST0734,Priya Yadav,Delhi,27,Male,Regular
CUST0735,Ananya Yadav,Lucknow,47,Male,Premium
CUST0736,Rahul Mishra,Mumbai,49,Female,VIP
CUST0737,Rahul Kumar,Delhi,18,Female,Premium
CUST0738,Amit Mishra,Bangalore,54,Male,Premium
CUST0739,Aditya Gupta,Lucknow,45,Female,Premium
CUST0740,Sneha Mehta,Kolkata,18,Male,VIP
CUST0741,Amit Chopra,Pune,18,Female,VIP
CUST0742,Amit Sharma,Delhi,58,Male,Regular
CUST0743,Isha Patel,Bangalore,24,Female,VIP
CUST0744,Nisha Patel,Bangalore,22,Male,Premium
CUST0745,Priya Mehta,Ahmedabad,56,Female,Premium
CUST0746,Rohan Kumar,Jaipur,40,Male,Regular
CUST0747,Pooja Sharma,Chennai,32,Male,Regular
CUST0748,Aarav Malhotra,Ahmedabad,28,Male,Premium
CUST0749,Vivaan Yadav,Hyderabad,52,Male,VIP
CUST0750,Vivaan Agarwal,Mumbai,59,Male,Regular
CUST0751,Arjun Yadav,Jaipur,42,Male,VIP
CUST0752,Neha Mehta,Bangalore,31,Male,Premium
CUST0753,Sneha Agarwal,Mumbai,60,Female,VIP
CUST0754,Aditi Chopra,Bangalore,44,Male,VIP
CUST0755,Aditi Verma,Hyderabad,25,Male,Premium
CUST0756,Amit Malhotra,Chennai,34,Male,Premium
CUST0757,Sneha Patel,Bangalore,20,Female,Regular
CUST0758,Simran Kumar,Chennai,18,Male,VIP
CUST0759,Aditya Kapoor,Mumbai,54,Female,Regular
CUST0760,Aditya Mishra,Ahmedabad,22,Male,Premium
CUST0761,Karan Mehta,Hyderabad,34,Female,Regular
CUST0762,Arjun Saxena,Bangalore,20,Female,Premium
CUST0763,Ananya Yadav,Mumbai,24,Male,Regular
CUST0764,Rohan Agarwal,Bangalore,39,Female,Premium
CUST0765,Aditi Patel,Mumbai,41,Female,Regular
CUST0766,Arjun Yadav,Kolkata,47,Female,Premium
CUST0767,Simran Mishra,Kolkata,59,Male,Regular
CUST0768,Rohan Chopra,Delhi,28,Male,Premium
CUST0769,Nisha Mehta,Lucknow,61,Female,Regular
CUST0770,Aditi Yadav,Pune,57,Male,VIP
CUST0771,Rohan Mehta,Jaipur,25,Female,Premium
CUST0772,Vivaan Verma,Hyderabad,59,Female,Regular
CUST0773,Kavya Mishra,Lucknow,64,Male,VIP
CUST0774,Ananya Joshi,Ahmedabad,62,Male,Premium
CUST0775,Karan Mehta,Pune,60,Female,Regular
CUST0776,Meera Kapoor,Lucknow,21,Male,VIP
CUST0777,Rahul Joshi,Jaipur,49,Male,Regular
CUST0778,Simran Kumar,Chennai,39,Female,Regular
CUST0779,Kavya Singh,Ahmedabad,59,Female,Premium
CUST0780,Karan Verma,Jaipur,46,Female,Regular
CUST0781,Simran Mehta,Pune,25,Female,VIP
CUST0782,Aarav Verma,Kolkata,44,Male,VIP
CUST0783,Meera Sharma,Mumbai,56,Female,VIP
CUST0784,Meera Singh,Jaipur,39,Female,Regular
CUST0785,Karan Saxena,Jaipur,39,Female,VIP
CUST0786,Isha Chopra,Jaipur,25,Male,VIP
CUST0787,Karan Sharma,Pune,40,Female,VIP
CUST0788,Kavya Kumar,Mumbai,20,Male,Premium
CUST0789,Rohan Saxena,Kolkata,24,Female,VIP
CUST0790,Amit Singh,Mumbai,43,Male,Premium
CUST0791,Amit Chopra,Pune,24,Female,Regular
CUST0792,Nisha Verma,Jaipur,47,Male,Premium
CUST0793,Aarav Joshi,Delhi,53,Female,VIP
CUST0794,Simran Kapoor,Ahmedabad,29,Male,VIP
CUST0795,Rohan Verma,Kolkata,60,Female,VIP
CUST0796,Pooja Yadav,Lucknow,62,Male,Premium
CUST0797,Pooja Kumar,Hyderabad,46,Male,Regular
CUST0798,Sneha Malhotra,Ahmedabad,37,Female,VIP
CUST0799,Meera Agarwal,Chennai,30,Male,VIP
CUST0800,Priya Agarwal,Pune,61,Male,VIP
CUST0801,Rahul Joshi,Ahmedabad,62,Female,VIP
CUST0802,Arjun Mishra,Pune,53,Female,VIP
CUST0803,Nisha Agarwal,Kolkata,61,Female,Premium
CUST0804,Aarav Joshi,Mumbai,19,Female,Regular
CUST0805,Vivaan Agarwal,Delhi,30,Female,Regular
CUST0806,Priya Agarwal,Hyderabad,27,Male,VIP
CUST0807,Priya Singh,Ahmedabad,20,Female,Premium
CUST0808,Arjun Malhotra,Ahmedabad,32,Female,Regular
CUST0809,Kavya Mishra,Hyderabad,62,Male,Premium
CUST0810,Pooja Yadav,Pune,53,Male,Regular
CUST0811,Neha Singh,Lucknow,46,Male,VIP
CUST0812,Isha Mishra,Lucknow,52,Male,VIP
CUST0813,Amit Patel,Jaipur,29,Male,Regular
CUST0814,Rahul Chopra,Ahmedabad,25,Female,Regular
CUST0815,Sneha Patel,Ahmedabad,34,Male,Regular
CUST0816,Nisha Saxena,Hyderabad,18,Female,Premium
CUST0817,Rohan Sharma,Bangalore,38,Male,VIP
CUST0818,Aditi Saxena,Hyderabad,49,Female,Regular
CUST0819,Ananya Joshi,Chennai,29,Male,VIP
CUST0820,Rahul Yadav,Ahmedabad,52,Female,Regular
CUST0821,Isha Singh,Chennai,60,Female,Premium
CUST0822,Isha Patel,Chennai,57,Female,VIP
CUST0823,Aarav Verma,Pune,46,Male,VIP
CUST0824,Aditi Kapoor,Lucknow,33,Male,VIP
CUST0825,Ananya Yadav,Mumbai,42,Female,VIP
CUST0826,Priya Sharma,Ahmedabad,41,Female,Premium
CUST0827,Vivaan Patel,Chennai,38,Male,Regular
CUST0828,Rahul Mishra,Ahmedabad,52,Male,VIP
CUST0829,Aditya Singh,Chennai,61,Female,Regular
CUST0830,Amit Joshi,Kolkata,59,Male,VIP
CUST0831,Rohan Sharma,Jaipur,63,Female,Regular
CUST0832,Aditya Verma,Delhi,29,Female,VIP
CUST0833,Aditya Malhotra,Chennai,34,Female,Premium
CUST0834,Riya Agarwal,Kolkata,45,Female,Regular
CUST0835,Pooja Agarwal,Mumbai,52,Male,VIP
CUST0836,Aditi Verma,Lucknow,20,Male,Premium
CUST0837,Kavya Verma,Hyderabad,61,Female,VIP
CUST0838,Aditya Patel,Jaipur,42,Female,VIP
CUST0839,Aarav Mehta,Bangalore,52,Male,Regular
CUST0840,Pooja Mishra,Ahmedabad,36,Male,Premium
CUST0841,Isha Sharma,Ahmedabad,53,Male,Regular
CUST0842,Vivaan Sharma,Lucknow,56,Female,VIP
CUST0843,Meera Verma,Hyderabad,31,Female,Regular
CUST0844,Sneha Kapoor,Ahmedabad,27,Male,Regular
CUST0845,Karan Malhotra,Hyderabad,30,Male,Regular
CUST0846,Nisha Saxena,Delhi,53,Female,VIP
CUST0847,Meera Verma,Hyderabad,60,Male,Premium
CUST0848,Arjun Singh,Lucknow,49,Female,Premium
CUST0849,Rohan Agarwal,Chennai,24,Female,VIP
CUST0850,Aditya Kapoor,Chennai,38,Female,Premium
CUST0851,Ananya Malhotra,Hyderabad,62,Male,VIP
CUST0852,Nisha Kumar,Pune,45,Male,Regular
CUST0853,Ananya Singh,Chennai,63,Female,Premium
CUST0854,Isha Gupta,Pune,48,Female,Premium
CUST0855,Isha Mishra,Hyderabad,49,Male,Regular
CUST0856,Aditi Verma,Hyderabad,26,Male,Premium
CUST0857,Aditya Chopra,Mumbai,19,Male,VIP
CUST0858,Nisha Yadav,Lucknow,31,Male,VIP
CUST0859,Neha Joshi,Ahmedabad,48,Male,Premium
CUST0860,Pooja Singh,Lucknow,64,Female,Regular
CUST0861,Riya Joshi,Ahmedabad,23,Female,Premium
CUST0862,Kavya Sharma,Chennai,57,Male,VIP
CUST0863,Rohan Mehta,Bangalore,29,Male,VIP
CUST0864,Simran Kumar,Delhi,32,Female,Regular
CUST0865,Aditya Patel,Pune,32,Male,VIP
CUST0866,Amit Joshi,Pune,42,Female,Premium
CUST0867,Vivaan Sharma,Pune,24,Female,VIP
CUST0868,Neha Malhotra,Ahmedabad,54,Male,Premium
CUST0869,Pooja Kumar,Lucknow,59,Male,VIP
CUST0870,Neha Yadav,Chennai,51,Female,Premium
CUST0871,Isha Mehta,Jaipur,56,Male,VIP
CUST0872,Rohan Mehta,Bangalore,32,Male,VIP
CUST0873,Neha Singh,Bangalore,29,Male,Premium
CUST0874,Aditi Chopra,Mumbai,60,Male,Premium
CUST0875,Ananya Chopra,Mumbai,48,Female,Premium
CUST0876,Amit Malhotra,Bangalore,59,Female,Regular
CUST0877,Karan Sharma,Bangalore,54,Male,Regular
CUST0878,Kavya Sharma,Lucknow,27,Male,Regular
CUST0879,Neha Kapoor,Bangalore,51,Female,VIP
CUST0880,Nisha Agarwal,Delhi,64,Female,Regular
CUST0881,Amit Mehta,Lucknow,48,Female,Regular
CUST0882,Karan Saxena,Kolkata,56,Male,VIP
CUST0883,Rahul Malhotra,Ahmedabad,34,Male,VIP
CUST0884,Ananya Kapoor,Jaipur,56,Male,Regular
CUST0885,Pooja Yadav,Bangalore,24,Male,Regular
CUST0886,Kavya Saxena,Ahmedabad,61,Female,Regular
CUST0887,Aditi Verma,Bangalore,48,Male,VIP
CUST0888,Kavya Mishra,Mumbai,23,Female,VIP
CUST0889,Rohan Kapoor,Lucknow,52,Male,VIP
CUST0890,Sneha Joshi,Kolkata,41,Male,VIP
CUST0891,Kavya Yadav,Chennai,48,Female,Premium
CUST0892,Nisha Mishra,Lucknow,24,Female,Regular
CUST0893,Neha Mehta,Chennai,23,Female,VIP
CUST0894,Meera Yadav,Hyderabad,30,Male,VIP
CUST0895,Aarav Malhotra,Ahmedabad,25,Male,Premium
CUST0896,Amit Chopra,Pune,44,Female,Regular
CUST0897,Rohan Yadav,Lucknow,34,Female,VIP
CUST0898,Sneha Malhotra,Pune,57,Female,VIP
CUST0899,Pooja Mishra,Chennai,44,Female,Regular
CUST0900,Isha Joshi,Ahmedabad,48,Female,Premium
CUST0901,Nisha Kumar,Kolkata,65,Male,VIP
CUST0902,Arjun Chopra,Chennai,46,Male,Regular
CUST0903,Amit Joshi,Kolkata,39,Male,Regular
CUST0904,Pooja Agarwal,Delhi,23,Male,Premium
CUST0905,Aditi Yadav,Mumbai,22,Female,Regular
CUST0906,Isha Verma,Lucknow,20,Female,Premium
CUST0907,Aditi Agarwal,Ahmedabad,36,Male,Regular
CUST0908,Simran Mehta,Delhi,30,Female,Regular
CUST0909,Vivaan Mishra,Lucknow,50,Male,VIP
CUST0910,Rahul Agarwal,Delhi,41,Male,VIP
CUST0911,Aarav Gupta,Mumbai,35,Female,Premium
CUST0912,Pooja Yadav,Lucknow,30,Male,VIP
CUST0913,Aditya Kapoor,Mumbai,53,Female,VIP
CUST0914,Meera Kapoor,Lucknow,40,Female,Premium
CUST0915,Karan Malhotra,Chennai,47,Female,VIP
CUST0916,Aarav Patel,Bangalore,44,Male,VIP
CUST0917,Aditya Joshi,Hyderabad,39,Male,VIP
CUST0918,Neha Kapoor,Ahmedabad,54,Female,VIP
CUST0919,Riya Yadav,Lucknow,48,Male,Premium
CUST0920,Riya Agarwal,Jaipur,55,Male,Premium
CUST0921,Arjun Patel,Mumbai,42,Male,VIP
CUST0922,Karan Mishra,Pune,44,Female,VIP
CUST0923,Meera Sharma,Hyderabad,33,Female,Regular
CUST0924,Pooja Agarwal,Pune,22,Male,Premium
CUST0925,Ananya Kumar,Chennai,54,Female,Regular
CUST0926,Amit Mehta,Chennai,33,Male,Premium
CUST0927,Amit Singh,Chennai,33,Female,Regular
CUST0928,Arjun Verma,Mumbai,61,Female,VIP
CUST0929,Aarav Mishra,Ahmedabad,20,Female,Premium
CUST0930,Aditi Kumar,Jaipur,54,Female,Premium
CUST0931,Rahul Mishra,Ahmedabad,35,Female,Regular
CUST0932,Nisha Gupta,Delhi,51,Female,Premium
CUST0933,Meera Sharma,Ahmedabad,40,Female,VIP
CUST0934,Rahul Mehta,Mumbai,62,Female,Premium
CUST0935,Aarav Sharma,Chennai,42,Male,Premium
CUST0936,Isha Malhotra,Hyderabad,29,Female,Regular
CUST0937,Neha Mehta,Lucknow,39,Female,Regular
CUST0938,Simran Yadav,Chennai,44,Female,Premium
CUST0939,Pooja Patel,Jaipur,29,Male,VIP
CUST0940,Karan Saxena,Mumbai,64,Female,Regular
CUST0941,Meera Yadav,Kolkata,30,Male,VIP
CUST0942,Rohan Mehta,Delhi,29,Female,Premium
CUST0943,Rohan Kapoor,Ahmedabad,52,Female,Premium
CUST0944,Priya Patel,Ahmedabad,54,Male,Premium
CUST0945,Arjun Chopra,Bangalore,21,Male,Premium
CUST0946,Simran Saxena,Mumbai,46,Female,Premium
CUST0947,Isha Kumar,Ahmedabad,53,Female,Premium
CUST0948,Aarav Yadav,Mumbai,40,Male,VIP
CUST0949,Nisha Agarwal,Ahmedabad,29,Female,Premium
CUST0950,Ananya Agarwal,Ahmedabad,49,Female,Regular
CUST0951,Pooja Malhotra,Hyderabad,47,Male,Regular
CUST0952,Ananya Yadav,Lucknow,54,Female,Regular
CUST0953,Aditya Gupta,Pune,32,Female,Premium
CUST0954,Priya Chopra,Hyderabad,56,Female,Premium
CUST0955,Riya Mishra,Pune,65,Female,Premium
CUST0956,Rahul Gupta,Delhi,26,Male,VIP
CUST0957,Neha Chopra,Mumbai,31,Male,Premium
CUST0958,Arjun Verma,Mumbai,48,Male,Regular
CUST0959,Pooja Joshi,Mumbai,24,Female,VIP
CUST0960,Rohan Verma,Kolkata,37,Male,Regular
CUST0961,Priya Mehta,Bangalore,26,Male,Regular
CUST0962,Vivaan Agarwal,Pune,38,Female,Premium
CUST0963,Meera Kapoor,Hyderabad,53,Female,Regular
CUST0964,Meera Gupta,Lucknow,56,Female,VIP
CUST0965,Nisha Yadav,Ahmedabad,58,Female,Premium
CUST0966,Simran Joshi,Chennai,23,Female,Premium
CUST0967,Isha Yadav,Hyderabad,27,Female,Regular
CUST0968,Aarav Joshi,Bangalore,40,Female,Premium
CUST0969,Meera Sharma,Jaipur,48,Female,Regular
CUST0970,Sneha Mishra,Hyderabad,56,Male,Regular
CUST0971,Meera Kumar,Chennai,44,Female,Premium
CUST0972,Karan Gupta,Kolkata,42,Male,Premium
CUST0973,Aditya Yadav,Chennai,51,Female,Premium
CUST0974,Meera Mishra,Hyderabad,44,Male,Regular
CUST0975,Rahul Gupta,Hyderabad,25,Female,VIP
CUST0976,Riya Patel,Lucknow,49,Male,Premium
CUST0977,Aarav Gupta,Delhi,52,Male,Regular
CUST0978,Arjun Patel,Hyderabad,26,Female,VIP
CUST0979,Aarav Singh,Mumbai,27,Male,Premium
CUST0980,Amit Kumar,Kolkata,37,Female,Premium
CUST0981,Riya Chopra,Delhi,39,Male,Regular
CUST0982,Vivaan Patel,Kolkata,22,Female,Regular
CUST0983,Amit Kapoor,Hyderabad,42,Male,Regular
CUST0984,Karan Yadav,Jaipur,33,Male,Regular
CUST0985,Riya Chopra,Mumbai,51,Male,Premium
CUST0986,Pooja Agarwal,Hyderabad,38,Male,VIP
CUST0987,Vivaan Chopra,Ahmedabad,51,Male,Premium
CUST0988,Simran Agarwal,Hyderabad,30,Female,Regular
CUST0989,Amit Verma,Chennai,58,Female,Premium
CUST0990,Aarav Gupta,Hyderabad,55,Male,Premium
CUST0991,Karan Sharma,Delhi,55,Female,VIP
CUST0992,Aditi Gupta,Pune,23,Male,Regular
CUST0993,Simran Verma,Lucknow,39,Male,Regular
CUST0994,Isha Agarwal,Bangalore,62,Male,Regular
CUST0995,Simran Singh,Pune,53,Female,Premium
CUST0996,Amit Sharma,Kolkata,40,Male,Premium
CUST0997,Vivaan Mehta,Jaipur,53,Female,VIP
CUST0998,Simran Singh,Lucknow,29,Female,Premium
CUST0999,Riya Patel,Lucknow,53,Male,Regular
CUST1000,Kavya Gupta,Jaipur,36,Female,VIP
